"typCollab","pctSelf","typLocate","concDrug","concPhar","Service","Growth","sizeCity","sizeShop","expDrug"
1,35,1,3,2,NA,NA,1,1.38629436111989,6
1,30,3,2,1,8,3,0,0.693147180559945,4
1,80,3,3,5,8,30,1,1.09861228866811,27
0,20,2,5,1,8,30,0,1.38629436111989,7
0,10,2,1,1,NA,NA,0,0.693147180559945,57
1,31,2,2,NA,8,30,1,1.79175946922805,34
1,15,2,2,1,8,5,0,1.09861228866811,30
0,30,1,4,5,8,5,1,2.56494935746154,37
0,30,2,1,1,7,6,1,1.09861228866811,31
0,40,2,4,1,9,30,0,0.693147180559945,9
1,25,1,1,1,7,20,0,0,13
1,25,2,4,1,10,3,1,1.94591014905531,34
1,26,2,5,1,NA,NA,1,3.2188758248682,41
1,20,1,2,1,8,30,1,0.693147180559945,19
0,25,2,3,1,9,0,0,1.38629436111989,42
1,20,2,4,1,7,12,1,0.693147180559945,30
1,30,2,1,1,8,30,0,1.09861228866811,5
0,60,1,5,NA,8,10,0,0,45
0,32,1,1,1,7,8,1,1.79175946922805,33
1,30,1,3,1,9,2,0,1.38629436111989,16
1,50,2,2,NA,10,10,0,NA,19
1,25,1,2,1,7,7,0,1.09861228866811,27
1,35,2,2,1,8,15,0,0.693147180559945,3
0,40,3,1,1,7,2,0,2.94443897916644,7
1,20,2,5,2,7,30,0,1.38629436111989,22
1,35,2,4,1,9,5,0,0.693147180559945,5
1,20,3,3,1,8,NA,1,NA,3
0,75,2,3,1,8,25,0,0,27
1,30,1,1,1,8,10,1,1.09861228866811,35
1,30,2,3,1,10,6,0,1.38629436111989,22
1,55,1,2,2,8,10,1,1.09861228866811,36
1,30,2,3,1,8,NA,0,1.79175946922805,2
1,40,2,3,NA,8,1,0,1.09861228866811,22
0,40,1,3,1,8,28,0,1.09861228866811,25
1,30,1,3,1,9,5,1,2.30258509299405,25
1,40,2,3,3,8,20,0,1.09861228866811,7
1,25,2,3,NA,7,NA,0,1.38629436111989,27
1,25,3,4,2,8,NA,1,1.09861228866811,3
1,20,3,4,1,9,NA,1,1.79175946922805,1
0,60,3,3,1,10,40,0,0.693147180559945,10
1,NA,2,4,1,9,NA,0,1.38629436111989,7
1,NA,2,1,1,8,10,0,0,27
1,30,2,3,1,7,10,0,1.79175946922805,23
1,39,1,5,1,8,45,0,0.693147180559945,3
1,30,1,1,1,10,10.4,0,0.693147180559945,12
1,10,2,5,1,7,15,0,1.38629436111989,21
0,25,1,3,3,9,5,1,2.70805020110221,19
1,40,1,3,1,8,20,1,2.484906649788,17
1,50,2,4,1,8,50,0,0.693147180559945,23
0,30,2,4,1,7,20,1,1.38629436111989,34
1,30,1,2,1,7,NA,0,0.693147180559945,1
1,50,1,3,1,10,20,0,0.693147180559945,37
0,65,1,1,NA,8,NA,0,1.38629436111989,31
0,40,3,3,1,8,8,0,1.09861228866811,24
1,20,2,4,1,4,NA,1,0.693147180559945,31
1,30,3,2,1,8,4,0,0.693147180559945,25
1,35,2,4,1,8,6,0,1.09861228866811,42
0,20,2,4,1,8,35,0,1.09861228866811,11
1,NA,3,3,2,8,0,0,1.09861228866811,45
1,18,2,5,1,7,NA,0,1.79175946922805,38
1,23,3,4,3,NA,60,1,2.07944154167984,28
